{

  "Auth": {
    "region": "us-east-1",
    "userPoolId": "us-east-1_BHned34tF",
    "userPoolWebClientId": "4qn890ga2uh7a04ia5hkqaep3b",    
    "oauth": {
      "domain": "sandbox-mass-gov.auth.us-east-1.amazoncognito.com",
      "scope": ["email", "openid", "profile"],
      "redirectSignIn": "https://super-secret-swag-masshealth.d18ozc9uoej4m2.amplifyapp.com/",
      "redirectSignOut": "https://myapplications.microsoft.com/",
      "responseType": "code"
    }
    
  },
  "aws_appsync_graphqlEndpoint": "https://kein73egq5bcdc2q5jo2w27czi.appsync-api.us-east-1.amazonaws.com/graphql",
  "aws_appsync_region": "us-east-1",
  "aws_appsync_authenticationType": "AMAZON_COGNITO_USER_POOLS",
  "aws_appsync_apiKey": "da2-xmvgv3oj7nbirja6eqyedu5chi",
  "Storage": {
    "AWSS3": {
      "bucket": "testgenaichatbotstack-chatbotapichatbucketsfilesbu-bj1sdgxb48fl",
      "region": "us-east-1"
    }
  },
  "config": {
    "rag_enabled": true,
    "cross_encoders_enabled": true,
    "sagemaker_embeddings_enabled": false,
    "default_embeddings_model": "sagemaker::1024::intfloat/multilingual-e5-large",
    "default_cross_encoder_model": "sagemaker::cross-encoder/ms-marco-MiniLM-L-12-v2",
    "privateWebsite": false
  }
}